Book Name,Author,Average Rating,Number of Ratings,Score on Goodreads
To Kill a Mockingbird,Harper Lee,4.26,6129090,17358
1984,George Orwell,4.19,4604557,15474
Pride and Prejudice,Jane Austen,4.29,4273146,15135
"Harry Potter and the Sorcerer's Stone (Harry Potter, #1)",J.K. Rowling,4.47,10063128,12440
The Great Gatsby,F. Scott Fitzgerald,3.93,5244056,10828
Jane Eyre,Charlotte Brontë,4.15,2095866,10613
Lord of the Flies,William Golding,3.69,2906413,10098
Alice’s Adventures in Wonderland / Through the Looking-Glass,Lewis Carroll,4.06,564072,9225
The Lord of the Rings,J.R.R. Tolkien,4.53,676596,9201
"The Hobbit (The Lord of the Rings, #0)",J.R.R. Tolkien,4.29,3977772,9013
Brave New World,Aldous Huxley,3.99,1856972,8210
Animal Farm,George Orwell,3.99,3888446,8113
Fahrenheit 451,Ray Bradbury,3.97,2419826,7773
"The Hitchhiker’s Guide to the Galaxy (Hitchhiker's Guide to the Galaxy, #1)",Douglas Adams,4.23,1842386,7746
Wuthering Heights,Emily Brontë,3.89,1807130,7546
Crime and Punishment,Fyodor Dostoevsky,4.27,905025,7116
The Little Prince,Antoine de Saint-Exupéry,4.32,2113912,7014
The Picture of Dorian Gray,Oscar Wilde,4.12,1537021,6870
"The Handmaid’s Tale (The Handmaid's Tale, #1)",Margaret Atwood (Goodreads Author),4.14,2049156,6708
"The Chronicles of Narnia (The Chronicles of Narnia, #1-7)",C.S. Lewis,4.27,651321,6600
The Adventures of Huckleberry Finn,Mark Twain,3.83,1266004,6432
The Catcher in the Rye,J.D. Salinger,3.8,3526525,6348
Little Women,Louisa May Alcott,4.15,2235594,6028
Great Expectations,Charles Dickens,3.79,803182,5961
Frankenstein,Mary Wollstonecraft Shelley,3.87,1599207,5798
The Count of Monte Cristo,Alexandre Dumas,4.3,914346,5708
One Flew Over the Cuckoo’s Nest,Ken Kesey,4.2,732776,5566
The Grapes of Wrath,John Steinbeck,4.01,907084,5524
Gone with the Wind,Margaret Mitchell,4.31,1208289,5495
The Curious Incident of the Dog in the Night-Time,Mark Haddon,3.89,1479800,5349
Anna Karenina,Leo Tolstoy,4.09,848706,4854
Of Mice and Men,John Steinbeck,3.88,2549244,4851
Sense and Sensibility,Jane Austen,4.08,1190719,4828
The Old Man and the Sea,Ernest Hemingway,3.8,1149486,4715
Lolita,Vladimir Nabokov,3.88,850827,4645
Catch-22,Joseph Heller,3.99,831569,4638
One Hundred Years of Solitude,Gabriel García Márquez,4.11,972089,4525
Rebecca,Daphne du Maurier,4.24,629596,4393
The Name of the Rose,Umberto Eco,4.14,364882,4259
Madame Bovary,Gustave Flaubert,3.7,334816,4185
"Dune (Dune, #1)",Frank Herbert,4.27,1361916,4157
And Then There Were None,Agatha Christie,4.28,1357769,4055
The Master and Margarita,Mikhail Bulgakov,4.29,353922,3807
Slaughterhouse-Five,Kurt Vonnegut Jr.,4.1,1370369,3800
Don Quixote,Miguel de Cervantes Saavedra,3.9,271020,3781
A Tale of Two Cities,Charles Dickens,3.87,947673,3732
A Clockwork Orange,Anthony Burgess,4,712494,3721
Emma,Jane Austen,4.05,887050,3680
"The Godfather (The Godfather, #1)",Mario Puzo,4.39,420834,3613
The Trial,Franz Kafka,3.96,326079,3571
War and Peace,Leo Tolstoy,4.16,328398,3439
One Day in the Life of Ivan Denisovich,Aleksandr Solzhenitsyn,3.98,114475,3365
The Remains of the Day,Kazuo Ishiguro (Goodreads Author),4.14,304034,3351
The Scarlet Letter,Nathaniel Hawthorne,3.43,865701,3237
"The Hound of the Baskervilles (Sherlock Holmes, #5)",Arthur Conan Doyle,4.13,346116,3150
The Color Purple,Alice Walker,4.27,686113,3134
Candide,Voltaire,3.76,276769,3036
Gulliver’s Travels,Jonathan Swift,3.58,274147,3029
The Time Traveler’s Wife,Audrey Niffenegger (Goodreads Author),3.99,1785739,2978
The Kite Runner,Khaled Hosseini (Goodreads Author),4.34,3151633,2956
Love in the Time of Cholera,Gabriel García Márquez,3.94,505037,2862
The Unbearable Lightness of Being,Milan Kundera,4.11,470131,2823
Alice in Wonderland,Jane Carruth (Adapted By),4.03,389832,2807
The Adventures of Tom Sawyer,Mark Twain,3.92,936827,2803
Bell Jar,Sylvia Plath,4.05,961979,2768
Perfume: The Story of a Murderer,Patrick Süskind,4.04,469049,2763
The Stranger,Albert Camus,4.02,1096346,2717
Atonement,Ian McEwan (Goodreads Author),3.94,519986,2635
The Brothers Karamazov,Fyodor Dostoevsky,4.37,332657,2530
Mrs. Dalloway,Virginia Woolf,3.79,306853,2498
"The Shining (The Shining, #1)",Stephen King (Goodreads Author),4.27,1490369,2477
The Wind in the Willows,Kenneth Grahame,4.01,218489,2432
Robinson Crusoe,Daniel Defoe,3.68,304848,2310
Dr. Jekyll and Mr. Hyde,Robert Louis Stevenson,3.83,581223,2295
The Road,Cormac McCarthy,3.99,905396,2274
All Quiet on the Western Front,Erich Maria Remarque,4.07,460441,2274
The Man Without Qualities,Robert Musil,4.19,6739,2241
"A Study in Scarlet (Sherlock Holmes, #1)",Arthur Conan Doyle,4.14,444935,2183
The Plague,Albert Camus,4.02,264045,2139
A Confederacy of Dunces,John Kennedy Toole,3.89,275633,2093
Bleak House,Charles Dickens,4.02,108685,2075
The Time Machine,H.G. Wells,3.9,519424,2037
A Farewell to Arms,Ernest Hemingway,3.82,322040,2016
"The Mysterious Affair at Styles (Hercule Poirot, #1)",Agatha Christie,4,423970,1984
Vanity Fair,William Makepeace Thackeray,3.8,128207,1959
Persuasion,Jane Austen,4.15,702858,1909
Les Misérables,Victor Hugo,4.2,798061,1887
Heart of Darkness,Joseph Conrad,3.43,513416,1880
Do Androids Dream of Electric Sheep?,Philip K. Dick,4.09,452292,1853
A Room with a View,E.M. Forster,3.9,184101,1818
The Left Hand of Darkness,Ursula K. Le Guin,4.1,182272,1815
The Woman in White,Wilkie Collins,4.01,154495,1795
His Dark Materials (His Dark Materials #1-3),Philip Pullman,4.29,161377,1793
Dracula,Bram Stoker,4.01,1276133,1778
"Bridget Jones’s Diary (Bridget Jones, #1)",Helen Fielding (Goodreads Author),3.8,983414,1755
"Three Men in a Boat (Three Men, #1)",Jerome K. Jerome,3.84,72705,1697
"Things Fall Apart (The African Trilogy, #1)",Chinua Achebe,3.73,372248,1690
"The Murder of Roger Ackroyd (Hercule Poirot, #4)",Agatha Christie,4.27,274742,1687
Jonathan Strange & Mr. Norrell,Susanna Clarke,3.86,236504,1576
The Prime of Miss Jean Brodie,Muriel Spark,3.71,54774,1566
The Three Musketeers,Alexandre Dumas,4.09,322705,1546
The War of the Worlds,H.G. Wells,3.83,314362,1503
"Moby-Dick or, The Whale",Herman Melville,3.54,561178,1501
Invisible Man,Ralph Ellison,3.91,187981,1495
A Tree Grows in Brooklyn,Betty  Smith,4.29,465960,1487
Flowers for Algernon,Daniel Keyes,4.21,672225,1464
Treasure Island,Robert Louis Stevenson,3.84,489666,1456
The Scarlet Pimpernel,Emmuska Orczy,4.07,135482,1425
"A Wizard of Earthsea (Earthsea Cycle, #1)",Ursula K. Le Guin,4.01,317620,1391
The Heart Is a Lonely Hunter,Carson McCullers,3.99,110269,1390
A Prayer for Owen Meany,John Irving (Goodreads Author),4.24,321041,1373
North and South,Elizabeth Gaskell,4.15,170075,1325
Beloved,Toni Morrison,3.95,435894,1306
Stranger in a Strange Land,Robert A. Heinlein,3.92,312809,1276
Tess of the D’Urbervilles,Thomas Hardy,3.83,283730,1260
"The Sign of Four (Sherlock Holmes, #2)",Arthur Conan Doyle,3.9,157105,1247
Les Liaisons dangereuses,Pierre Choderlos de Laclos,4.06,53359,1245
The God of Small Things,Arundhati Roy (Goodreads Author),3.95,298251,1230
The Blind Assassin,Margaret Atwood (Goodreads Author),3.96,155551,1227
Breakfast at Tiffany’s and Three Stories,Truman Capote,3.85,264966,1201
Fathers and Sons,Ivan Turgenev,3.99,89534,1197
A Passage to India,E.M. Forster,3.68,80396,1181
I Capture the Castle,Dodie Smith,4,104443,1166
Possession,A.S. Byatt,3.89,80243,1165
"Tinker, Tailor, Soldier, Spy",John le Carré,4.06,94614,1152
Middlemarch,George Eliot,4.02,163041,1140
Black Beauty,Anna Sewell,3.99,278536,1125
Schindler's Ark,Thomas Keneally,4.34,160251,1120
"American Gods (American Gods, #1)",Neil Gaiman (Goodreads Author),4.11,925922,1113
The Wind-Up Bird Chronicle,Haruki Murakami,4.15,283709,1104
Foucault’s Pendulum,Umberto Eco,3.91,70097,1097
The End of the Affair,Graham Greene,3.9,64576,1093
For Whom the Bell Tolls,Ernest Hemingway,3.98,293747,1086
"The Sword in the Stone (The Once and Future King, #1)",T.H. White,3.89,26602,1078
The Thin Man,Dashiell Hammett,3.91,35303,1075
"The Big Sleep (Philip Marlowe, #1)",Raymond Chandler,3.95,155485,1072
Jude the Obscure,Thomas Hardy,3.83,71846,1065
"Through the Looking-Glass and What Alice Found There (Alice's Adventures in Wonderland, #2)",Lewis Carroll,4.02,135450,1052
"A Canticle for Leibowitz (St. Leibowitz, #1)",Walter M. Miller Jr.,3.98,109633,1051
"The Daughter of Time (Inspector Alan Grant, #5)",Josephine Tey,3.91,34152,1036
To the Lighthouse,Virginia Woolf,3.8,183573,1027
Childhood’s End,Arthur C. Clarke,4.12,159538,1027
The Leopard,Giuseppe Tomasi di Lampedusa,4.01,37270,1016
"My Family and Other Animals (Corfu Trilogy, #1)",Gerald Durrell,4.17,55854,1007
Fight Club,Chuck Palahniuk (Goodreads Author),4.19,592100,992
A Thousand Splendid Suns,Khaled Hosseini (Goodreads Author),4.43,1530997,975
Hunger,Knut Hamsun,4.05,56030,975
A Portrait of the Artist as a Young Man,James Joyce,3.64,151992,970
Memoirs of a Geisha,Arthur Golden,4.15,2001971,965
Our Man in Havana,Graham Greene,3.94,36115,954
Cold Comfort Farm,Stella Gibbons,3.89,50600,942
Their Eyes Were Watching God,Zora Neale Hurston,3.98,347535,931
The Tin Drum,Günter Grass,3.95,44089,928
If on a Winter's Night a Traveler,Italo Calvino,4.03,98040,923
The Complete Maus,Art Spiegelman,4.57,220493,917
My Name Is Red,Orhan Pamuk,3.87,56481,908
Portnoy’s Complaint,Philip Roth,3.71,68434,906
"Zen and the Art of Motorcycle Maintenance: An Inquiry Into Values (Phaedrus, #1)",Robert M. Pirsig,3.78,230493,904
"Cry, the Beloved Country",Alan Paton,3.92,74823,891
The Wasp Factory,Iain Banks,3.77,96941,891
Snow Crash,Neal Stephenson (Goodreads Author),4.02,280235,890
Brighton Rock,Graham Greene,3.7,32124,884
Dead Souls,Nikolai Gogol,3.98,85069,879
"Foundation (Foundation, #1)",Isaac Asimov,4.17,539593,875
"The Code of the Woosters (Jeeves, #7)",P.G. Wodehouse,4.32,28684,865
"The Commitments (The Barrytown Trilogy, #1; Jimmy Rabbitte, #1)",Roddy Doyle,3.93,16382,856
"The Giver (The Giver, #1)",Lois Lowry (Goodreads Author),4.12,2481009,851
We,Yevgeny Zamyatin,3.89,97326,841
A Connecticut Yankee in King Arthur's Court,Mark Twain,3.77,103530,836
The Magus,John Fowles,4.05,58639,832
Suite Francaise,Irène Némirovsky,3.85,74194,830
High Fidelity,Nick Hornby,3.91,201637,821
A Fine Balance,Rohinton Mistry,4.37,149546,821
The House of Mirth,Edith Wharton,3.97,97978,820
Cloud Atlas,David Mitchell,4.01,248920,819
The Mayor of Casterbridge,Thomas Hardy,3.86,62448,816
The Thorn Birds,Colleen McCullough,4.24,350084,804
The Turn of the Screw,Henry James,3.39,156165,797
American Psycho,Bret Easton Ellis,3.81,314447,789
Uncle Tom’s Cabin,Harriet Beecher Stowe,3.91,227457,783
Fatherland,Robert   Harris (Goodreads Author),4.01,47813,769
"Regeneration (Regeneration, #1)",Pat Barker,4.02,31091,765
Tintin in Tibet (Tintin #20),Hergé,4.23,17986,762
My Cousin Rachel,Daphne du Maurier,4,59200,754
"The 39 Steps (Richard Hannay, #1)",John Buchan,3.6,41189,753
"Trainspotting (Mark Renton, #2)",Irvine Welsh,4.1,167256,745
Fingersmith,Sarah Waters,4.02,106299,743
The Shipping News,Annie Proulx,3.88,146141,742
Howards End,E.M. Forster,3.96,89699,732
Oliver Twist,Charles Dickens,3.88,389006,732
The Island of Dr. Moreau,H.G. Wells,3.73,121069,730
The Magic Mountain,Thomas Mann,4.13,49514,716
Solaris,Stanisław Lem,3.99,107762,715
"The Forever War (The Forever War, #1)",Joe Haldeman,4.14,166396,712
House of Leaves,Mark Z. Danielewski (Goodreads Author),4.09,170302,711
Death in Venice and Other Tales,Thomas Mann,3.9,16772,708
Peter Pan,J.M. Barrie,4.04,347522,708
"The Earthsea Trilogy (Earthsea Cycle, #1-3)",Ursula K. Le Guin,4.28,20729,705
The Haunting of Hill House,Shirley Jackson,3.82,303821,702
Lady Chatterley's Lover,D.H. Lawrence,3.5,125708,699
A Handful of Dust,Evelyn Waugh,3.9,26381,697
"The Long Goodbye (Philip Marlowe, #6)",Raymond Chandler,4.19,42511,693
The Idiot,Fyodor Dostoevsky,4.21,182963,689
The Moonstone,Wilkie Collins,3.91,93166,679
"The History of Tom Jones, a Foundling",Henry Fielding,3.75,33364,664
White Teeth,Zadie Smith,3.79,157634,658
"The Life and Opinions of Tristram Shandy, Gentleman",Laurence Sterne,3.73,21804,656
The Man in the High Castle,Philip K. Dick,3.6,212974,650
East of Eden,John Steinbeck,4.41,539453,644
Native Son,Richard Wright,4.03,99150,643
"The Spy Who Came In from the Cold (George Smiley, #3)",John le Carré,4.08,110160,635
"Notes from Underground, White Nights, The Dream of a Ridiculous Man, and Selections from The House of the Dead",Fyodor Dostoevsky,4.19,76718,632
Empire of the Sun,J.G. Ballard,3.98,20667,626
The Constant Gardener,John le Carré,3.82,28357,624
Oblomov,Ivan Goncharov,4.12,38695,622
Naked Lunch,William S. Burroughs,3.46,91302,619
The Amazing Adventures of Kavalier & Clay,Michael Chabon,4.18,202747,616
The Red Badge of Courage,Stephen Crane,3.29,104373,609
Scoop,Evelyn Waugh,3.8,20778,596
Orlando,Virginia Woolf,3.87,93305,590
Lucky Jim,Kingsley Amis,3.75,29860,578
"Jurassic Park (Jurassic Park, #1)",Michael Crichton,4.1,959063,574
"Murder Must Advertise  (Lord Peter Wimsey, #10)",Dorothy L. Sayers,4.17,23222,573
The Sound and the Fury,William Faulkner,3.85,182173,571
Disgrace,J.M. Coetzee,3.85,106413,568
Northanger Abbey,Jane Austen,3.85,401445,565
A History of the World in 10½  Chapters,Julian Barnes,3.88,15405,560
"Asterix the Gaul (Asterix, #1)",René Goscinny,4.18,30475,555
Misery,Stephen King (Goodreads Author),4.21,699059,555
"Neuromancer (Sprawl, #1)",William Gibson,3.9,327237,547
Germinal,Émile Zola,4.19,37829,543
The Third Man,Graham Greene,3.8,14946,534
I Am Legend and Other Stories,Richard Matheson,4,131370,531
The Beach,Alex Garland,3.97,87553,530
The English Patient,Michael Ondaatje,3.87,132071,529
Mansfield Park,Jane Austen,3.86,349910,526
The Day of the Triffids,John Wyndham,4.01,107675,525
Blindness,José Saramago,4.17,290071,519
The Uncommon Reader,Alan Bennett,3.74,53723,516
Molloy,Samuel Beckett,4.04,8599,514
The Witches of Eastwick,John Updike,3.23,17311,506
"Titus Groan (Gormenghast, #1)",Mervyn Peake,3.92,20745,498
Miss Smilla's Feeling for Snow,Peter Høeg,3.74,49205,498
Barchester Towers (Chronicles of Barsetshire #2),Anthony Trollope,4.05,16667,491
The Maltese Falcon,Dashiell Hammett,3.88,107081,488
"Lonesome Dove (Lonesome Dove, #1)",Larry McMurtry,4.53,191091,483
The Pickwick Papers,Charles Dickens,3.85,29784,482
Notes from Underground,Fyodor Dostoevsky,4.18,161266,479
The Bonfire of the Vanities,Tom Wolfe,3.9,80910,478
The Age of Innocence,Edith Wharton,3.97,174692,475
Ivanhoe,Walter Scott,3.76,94820,466
Carrie's War,Nina Bawden,3.92,8756,464
The Stars My Destination,Alfred Bester,4.07,51344,461
The Andromeda Strain,Michael Crichton,3.91,255876,459
"Dissolution (Matthew Shardlake, #1)",C.J. Sansom,4.06,53961,457
Travels with My Aunt,Graham Greene,3.81,15222,456
Flaubert's Parrot,Julian Barnes,3.65,15411,450
Far From the Madding Crowd,Thomas Hardy,3.96,153419,448
Kindred,Octavia E. Butler,4.3,218331,443
"Thank You, Jeeves (Jeeves, #5)",P.G. Wodehouse,4.18,18238,442
The Reader,Bernhard Schlink,3.78,210955,442
Enduring Love,Ian McEwan (Goodreads Author),3.64,44597,438
The Jungle,Upton Sinclair,3.77,145571,434
"Ringworld (Ringworld, #1)",Larry Niven,3.95,121697,433
The French Lieutenant's Woman,John Fowles,3.88,52983,429
"The Secret Diary of Adrian Mole, Aged 13 3/4  (Adrian Mole, #1)",Sue Townsend,3.88,48992,424
The Mill on the Floss,George Eliot,3.82,55356,423
Little Dorrit,Charles Dickens,4,47848,422
Palace Walk (The Cairo Trilogy #1),Naguib Mahfouz,4.19,19939,418
"Casino Royale (James Bond, #1)",Ian Fleming,3.74,85038,416
My Name Is Asher Lev,Chaim Potok,4.23,41407,413
Le Grand Meaulnes,Alain-Fournier,3.72,13359,411
"The Murder at the Vicarage (Miss Marple, #1)",Agatha Christie,4.05,188998,411
Of Human Bondage,W. Somerset Maugham,4.14,57123,409
True History of the Kelly Gang,Peter Carey,3.83,22803,407
Cat’s Eye,Margaret Atwood (Goodreads Author),3.94,68325,407
A Kestrel for a Knave,Barry Hines,4.05,6848,400
The Power and the Glory,Graham Greene,3.98,39550,398
"Gorky Park (Arkady Renko, #1)",Martin Cruz Smith,4.04,67609,398
Journey to the Center of the Earth,Jules Verne,3.85,200541,395
Midnight’s Children,Salman Rushdie,3.98,123843,393
Zorba the Greek,Nikos Kazantzakis,4.05,51560,387
The Postman Always Rings Twice,James M. Cain,3.77,43329,384
"Tales of the City (Tales of the City, #1)",Armistead Maupin,4,44325,383
Sister Carrie,Theodore Dreiser,3.77,40158,372
The Third Policeman,Flann O'Brien,3.98,20423,370
Wide Sargasso Sea,Jean Rhys,3.59,92995,370
Silas Marner,George Eliot,3.68,87035,368
Only Forward,Michael Marshall Smith (Goodreads Author),4.22,5822,368
"Love Story (Love Story, #1)",Erich Segal,3.64,60626,368
The Far Pavilions,M.M. Kaye,4.2,44010,368
Vurt,Jeff Noon,4.04,9740,363
The Glass Bead Game,Hermann Hesse,4.11,38710,356
"Devil in a Blue Dress (Easy Rawlins, #1)",Walter Mosley,3.87,27033,352
Père Goriot,Honoré de Balzac,3.85,59505,349
A High Wind in Jamaica,Richard Hughes,3.77,9902,348
Journey to the End of the Night,Louis-Ferdinand Céline,4.19,42112,346
"Red Dragon (Hannibal Lecter, #1)",Thomas  Harris,4.06,333572,343
"The Prisoner of Zenda (The Ruritania Trilogy, #2)",Anthony Hope,3.84,21338,342
Cakes and Ale,W. Somerset Maugham,3.78,7302,339
Everything Is Illuminated,Jonathan Safran Foer (Goodreads Author),3.89,179626,336
The Fall,Albert Camus,4.04,106704,335
The Man Who Was Thursday: A Nightmare,G.K. Chesterton,3.83,40961,334
The Night Watch,Sarah Waters,3.7,31300,331
Bonjour tristesse,Françoise Sagan,3.71,51297,323
The Day of the Jackal,Frederick Forsyth,4.27,134294,317
Babbitt,Sinclair Lewis,3.69,23609,308
Unless,Carol Shields,3.63,16380,307
The Sirens of Titan,Kurt Vonnegut Jr.,4.15,141589,307
"Consider Phlebas (Culture, #1)",Iain M. Banks,3.85,91273,306
"A Dance to the Music of Time, Complete Set: 1st Movement, 2nd Movement, 3rd Movement, 4th Movement",Anthony Powell,4.41,150,305
A Town Like Alice,Nevil Shute,4.15,58031,305
Jacques the Fatalist,Denis Diderot,3.8,8804,300
The Golden Notebook,Doris Lessing,3.77,23028,297
McTeague: A Story of San Francisco,Frank Norris,3.68,6441,295
The Crying of Lot 49,Thomas Pynchon,3.69,86863,293
"The Talented Mr. Ripley (Ripley, #1)",Patricia Highsmith,3.94,90889,292
How Green Was My Valley,Richard Llewellyn,4.2,17434,291
Steppenwolf,Hermann Hesse,4.13,185683,290
"The Ipcress File (Secret File, #1)",Len Deighton,3.93,16899,289
Lake Wobegon Days,Garrison Keillor,3.64,8027,288
"A Time to Kill (Jake Brigance, #1)",John Grisham (Goodreads Author),4.11,801386,287
Excellent Women,Barbara Pym,3.92,17602,287
Oranges Are Not the Only Fruit,Jeanette Winterson,3.73,79788,283
The Call of the Wild,Jack London,3.9,430632,280
The Passion of New Eve,Angela Carter,3.66,4686,278
"Master & Commander (Aubrey & Maturin, #1)",Patrick O'Brian,4.07,57797,278
Riddley Walker,Russell Hoban,4.02,8145,274
The Crab with the Golden Claws (Tintin #9),Hergé,4.09,14367,273
The Piano Teacher,Elfriede Jelinek,3.58,12962,271
They Were Counted,Miklós Bánffy,4.19,1335,268
The Return of the Soldier,Rebecca West,3.69,8227,264
"The Siege of Krishnapur (Empire Trilogy, #2)",J.G. Farrell,3.92,7762,261
"The Laughing Policeman (Martin Beck, #4)",Maj Sjöwall,3.99,10003,260
"You Only Live Twice (James Bond, #12)",Ian Fleming,3.75,14765,260
Doctor Zhivago,Boris Pasternak,4.01,96804,259
Pnin,Vladimir Nabokov,3.89,24929,258
Monkey: The Journey to the West,Wu Cheng'en,4.04,6922,258
The New York Trilogy: City of Glass / Ghosts / The Locked Room,Paul Auster,3.87,74794,258
"Goldfinger (James Bond, #7)",Ian Fleming,3.83,24762,257
Kidnapped,Robert Louis Stevenson,3.79,64696,256
Decline and Fall,Evelyn Waugh,3.83,14346,255
The Girls of Slender Means,Muriel Spark,3.65,7348,254
Invisible Cities,Italo Calvino,4.12,83930,254
The Little World of Don Camillo,Giovannino Guareschi,4.21,3896,251
Girlfriend in a Coma,Douglas Coupland (Goodreads Author),3.62,19541,251
The Midwich Cuckoos,John Wyndham,3.91,25667,249
The Caine Mutiny,Herman Wouk,4.28,25197,247
Effi Briest,Theodor Fontane,3.26,14090,245
The Children of Men,P.D. James,3.67,48027,242
Weaveworld,Clive Barker (Goodreads Author),4.13,32341,241
The Baron in the Trees,Italo Calvino,4.03,45096,240
American Pastoral,Philip Roth,3.94,80075,240
Around the World in Eighty Days,Jules Verne,3.94,248021,240
The Machine-Gunners,Robert Westall,3.94,2410,238
A Bend in the River,V.S. Naipaul,3.77,17690,237
Waiting for the Barbarians,J.M. Coetzee,3.93,32170,236
The Satanic Verses,Salman Rushdie,3.71,65752,236
Dombey and Son,Charles Dickens,3.96,15795,235
Cold Mountain,Charles Frazier,3.88,242799,235
The Good Companions,J.B. Priestley,4.13,718,234
Voss,Patrick White,3.77,3253,234
Under the Skin,Michel Faber,3.75,26352,233
Oscar and Lucinda,Peter Carey,3.73,21158,233
The Life and Loves of a She Devil,Fay Weldon,3.76,5802,233
Hard Times,Charles Dickens,3.54,68473,232
Birdsong,Sebastian Faulks,4.1,78741,230
Lolly Willowes,Sylvia Townsend Warner,3.71,9572,229
We Need to Talk About Kevin,Lionel Shriver (Goodreads Author),4.08,195261,227
The Secret Agent,Joseph Conrad,3.59,22751,225
"Postmortem (Kay Scarpetta, #1)",Patricia Cornwell (Goodreads Author),4.03,243668,225
The Ragged Trousered Philanthropists,Robert Tressell,4.04,9677,224
Zuleika Dobson,Max Beerbohm,3.53,4724,224
Elmer Gantry,Sinclair Lewis,4.01,5892,223
Middlesex,Jeffrey Eugenides,4.03,639347,223
The House of the Seven Gables,Nathaniel Hawthorne,3.45,39924,222
Call It Sleep,Henry Roth,3.81,8604,222
"The L-Shaped Room (Jane Graham, #1)",Lynne Reid Banks,3.97,3251,222
Buddenbrooks: The Decline of a Family,Thomas Mann,4.19,30375,220
The Horse's Mouth,Joyce Cary,3.97,1525,217
Sons and Lovers,D.H. Lawrence,3.64,53154,217
Deliverance,James Dickey,3.89,32581,216
Cranford,Elizabeth Gaskell,3.84,44069,214
Microserfs,Douglas Coupland (Goodreads Author),3.89,24173,214
Pale Fire,Vladimir Nabokov,4.17,50807,212
"The Scar (New Crobuzon, #2)",China Miéville (Goodreads Author),4.18,32526,210
Remembering Babylon,David Malouf,3.48,3444,207
Passing,Nella Larsen,3.93,65388,207
South Riding,Winifred Holtby,3.98,3159,206
The Drowned World,J.G. Ballard,3.48,18422,205
Breakfast of Champions,Kurt Vonnegut Jr.,4.07,260708,203
The Monk,Matthew Gregory Lewis,3.83,28812,201
"A Suitable Boy (A Bridge of Leaves, #1)",Vikram Seth,4.12,48145,200
The Things They Carried,Tim O'Brien,4.14,313843,199
Joseph Andrews / Shamela,Henry Fielding,3.28,2647,198
Air,Geoff Ryman,3.59,2467,197
Finnegans Wake,James Joyce,3.68,12884,196
"Memed, My Hawk (İnce Memed, #1)",Yaşar Kemal,4.48,10629,195
The Sheltering Sky,Paul Bowles,3.89,28349,195
Love in a Cold Climate,Nancy Mitford,3.82,9081,195
"An Infamous Army (Alastair-Audley, #4)",Georgette Heyer,3.7,4634,193
Behind the Scenes at the Museum,Kate Atkinson,3.97,40165,193
Martin Chuzzlewit,Charles Dickens,3.83,16344,192
Queen Lucia,E.F. Benson,3.93,5062,192
Fair Stood the Wind for France,H.E. Bates,3.99,1975,192
Tender is the Night,F. Scott Fitzgerald,3.79,136662,190
The Private Memoirs and Confessions of a Justified Sinner,James Hogg,3.67,8809,189
Shame,Salman Rushdie,3.86,12341,188
"Sunset Song (A Scots Quair, #1)",Lewis Grassic Gibbon,4.01,4972,188
The Fountain Overflows,Rebecca West,3.71,3089,188
An American Tragedy,Theodore Dreiser,3.96,36851,188
The First Discworld Novels: The Colour of Magic and the Light Fantastic,Terry Pratchett,4.14,7459,185
U.S.A.: The 42nd Parallel / 1919 / The Big Money,John Dos Passos,4.11,4879,185
Go Tell It on the Mountain,James Baldwin,4.04,68629,185
"A Princess of Mars (Barsoom, #1)",Edgar Rice Burroughs,3.81,57606,184
On Beauty,Zadie Smith,3.77,82372,184
Uncle Silas,J. Sheridan Le Fanu,3.73,6576,183
The Day of the Locust,Nathanael West,3.71,22617,183
The Way of All Flesh,Samuel Butler,3.61,9221,183
Piccadilly Jim,P.G. Wodehouse,4.03,5065,182
The Female Man,Joanna Russ,3.48,7840,181
Infinite Jest,David Foster Wallace,4.26,91966,180
The Secret History,Donna Tartt,4.17,744015,180
"The Mask of Dimitrios (Charles Latimer, #1)",Eric Ambler,3.92,10255,179
Underworld,Don DeLillo,3.94,31416,178
Nights at the Circus,Angela Carter,3.88,13349,177
"Gilead (Gilead, #1)",Marilynne Robinson,3.85,110426,177
The Balkan Trilogy,Olivia Manning,4.16,2620,176
The Castle of Otranto,Horace Walpole,3.18,35020,175
Ali and Nino,Kurban Said,3.92,8324,175
Berlin Alexanderplatz,Alfred Döblin,3.85,9816,174
Dolores Claiborne,Stephen King (Goodreads Author),3.92,153508,174
The Recognitions,William Gaddis,4.2,5687,174
"Herland (The Herland Trilogy, #2)",Charlotte Perkins Gilman,3.48,22156,173
The Professor's House,Willa Cather,3.77,9249,173
Billy Liar,Keith Waterhouse,3.73,2147,172
"Rabbit Redux (Rabbit Angstrom, #2)",John Updike,3.81,15687,172
Cider with Rosie,Laurie Lee,3.91,13753,172
Eugénie Grandet,Honoré de Balzac,3.79,23259,172
Spies,Michael Frayn,3.54,6034,172
Regency Buck,Georgette Heyer,3.96,11577,171
Double Indemnity,James M. Cain,4.06,26233,170
"Whose Body?  (Lord Peter Wimsey, #1)",Dorothy L. Sayers,3.84,56140,169
Pig Tales,Marie Darrieussecq,3.45,3104,169
Lost Souls,Poppy Z. Brite (Goodreads Author),3.9,18120,168
Victory An Island Tale,Joseph Conrad,3.84,3901,168
The Adventures of Augie March,Saul Bellow,3.84,18128,167
Darkness at Noon,Arthur Koestler,4.11,30659,167
Fun Home: A Family Tragicomic,Alison Bechdel,4.08,181063,165
"King Solomon's Mines (Allan Quatermain, #1)",H. Rider Haggard,3.79,49639,165
Death in Venice,Thomas Mann,3.7,56629,165
Music & Silence,Rose Tremain,3.95,4540,165
The Accidental Tourist,Anne Tyler (Goodreads Author),3.9,104890,164
Pamela: Virtue Rewarded (Forgotten Books),T.W. Holderness,2.77,12572,163
Malone Dies,Samuel Beckett,3.85,5089,163
Any Human Heart,William  Boyd,4.28,22772,163
Narcissus and Goldmund,Hermann Hesse,4.22,62763,163
The Red and the Black,Stendhal,3.87,75098,161
Affinity,Sarah Waters,3.75,26823,160
The Snow Goose,Paul Gallico,4.16,4966,160
The Line of Beauty,Alan Hollinghurst,3.75,27952,159
A Dry White Season,André P. Brink,4.06,4131,159
Crash,J.G. Ballard,3.59,25775,158
As I Lay Dying,William Faulkner,3.72,168511,156
Valley of the Dolls,Jacqueline Susann,3.83,67872,156
The Holy Terrors,Jean Cocteau,3.72,7097,156
A Far Cry from Kensington,Muriel Spark,3.83,6109,155
"The Human Stain (The American Trilogy, #3)",Philip Roth,3.91,41219,154
On the Road,Jack Kerouac,3.61,411475,154
Before Lunch,Angela Thirkell,3.93,745,153
"Rabbit, Run (Rabbit Angstrom, #1)",John Updike,3.58,60249,151
Family Matters,Rohinton Mistry,4.03,23676,151
"The Pursuit of Love & Love in a Cold Climate (Radlett and Montdore, #1-2)",Nancy Mitford,4.1,5897,150
I Served the King of England,Bohumil Hrabal,4.07,9094,150
The Grass Is Singing,Doris Lessing,3.83,13709,150
The African Queen,C.S. Forester,4.01,8700,150
The Loved One,Evelyn Waugh,3.76,12483,149
"Porterhouse Blue (Porterhouse Blue, #1)",Tom Sharpe,3.82,4560,149
Light Years,James Salter,4.01,6947,149
Pudd'nhead Wilson,Mark Twain,3.75,18416,148
The Rector's Daughter,F.M. Mayor,3.74,755,148
At Swim-Two-Birds,Flann O'Brien,3.86,13385,148
"Sidetracked (Kurt Wallander, #5)",Henning Mankell,4.08,23522,147
The Riddle of the Sands,Erskine Childers,3.63,6942,147
Strangers on a Train,Patricia Highsmith,3.73,31987,146
The Gathering,Anne Enright,3.12,23870,146
Martin Eden,Jack London,4.47,43123,146
Less Than Angels,Barbara Pym,3.93,2994,145
The Go-Between,L.P. Hartley,3.99,12003,144
Main Street,Sinclair Lewis,3.78,25881,144
"Something Fresh (Blandings Castle, #1)",P.G. Wodehouse,4.11,11660,144
A Voyage to Arcturus,David  Lindsay,3.55,3484,143
The Passion,Jeanette Winterson,4.11,23850,143
July's People,Nadine Gordimer,3.51,7687,142
"Darwin's Radio (Darwin's Radio, #1)",Greg Bear,3.73,15808,141
The Hearing Trumpet,Leonora Carrington,4,8257,141
The Diary of a Nobody,George Grossmith,3.69,16464,140
The Weather in the Streets,Rosamond Lehmann,3.96,926,140
Swann's Way,Marcel Proust,4.14,58121,139
Goodbye to Berlin,Christopher Isherwood,3.93,16265,139
Green Mansions,William Henry Hudson,3.69,3165,139
"Revelation Space (Revelation Space, #1)",Alastair Reynolds,3.99,55672,138
Moll Flanders,Daniel Defoe,3.52,46357,138
"Flashman (The Flashman Papers, #1)",George MacDonald Fraser,4.05,14686,138
"If Not Now, When?",Primo Levi,4.23,3769,138
The Blue Flower,Penelope Fitzgerald,3.44,6054,137
Lord Jim,Joseph Conrad,3.62,31112,137
La Disparition,Georges Perec,3.76,3466,137
The Ministry of Fear,Graham Greene,3.79,6648,136
G.,John Berger,3.7,4265,135
Absolute Beginners,Colin MacInnes,3.6,2100,135
The Posthumous Memoirs of Brás Cubas,Machado de Assis,4.25,30624,135
Confessions of Zeno,Italo Svevo,3.78,26996,134
Gentlemen Prefer Blondes,Anita Loos,3.62,5801,133
"Hyperion (Hyperion Cantos, #1)",Dan Simmons,4.26,252955,133
Money,Martin Amis,3.69,23592,133
The Pledge,Friedrich Dürrenmatt,3.9,8774,133
The Guns of Navarone,Alistair MacLean,4.13,18676,133
News from Nowhere,William Morris,3.3,2380,132
Star Maker,Olaf Stapledon,3.91,8153,132
Life and Fate,Vasily Grossman,4.45,13054,132
"Blacklist (V.I. Warshawski, #11)",Sara Paretsky (Goodreads Author),3.85,4723,131
The Information,Martin Amis,3.6,6077,130
The Unfortunates,B.S. Johnson,3.86,1099,130
In the Country of Last Things,Paul Auster,3.9,13921,130
"How Late It Was, How Late",James Kelman,3.59,4408,129
The Famished Road,Ben Okri,3.73,12821,129
"The Space Merchants (The Space Merchants, #1)",Frederik Pohl,3.84,10616,129
Dom Casmurro,Machado de Assis,4.32,31941,129
The Years of Rice and Salt,Kim Stanley Robinson,3.76,14245,129
"Cryptonomicon (Crypto, #1)",Neal Stephenson (Goodreads Author),4.24,112241,129
Silence of the Grave (Inspector Erlendur #4),Arnaldur Indriðason,3.96,20136,128
"Cop Hater (87th Precinct, #1)",Ed McBain,3.82,7900,128
Chéri,Colette,3.66,5081,128
The Good Soldier Švejk,Jaroslav Hašek,4.1,19126,128
No Country for Old Men,Cormac McCarthy,4.16,200502,128
The History Man,Malcolm Bradbury,3.61,1841,127
A Kind of Loving,Stan Barstow,4.09,1454,126
Austerlitz,W.G. Sebald,4,22003,126
Gravity’s Rainbow,Thomas Pynchon,4,44150,125
The Secret Adversary,Agatha Christie,3.85,62649,124
The Diary of a Provincial Lady,E.M. Delafield,3.91,5950,124
Red Harvest (The Continental Op #1),Dashiell Hammett,3.95,27603,124
The Prestige,Christopher Priest,3.91,22541,123
Saturday Night and Sunday Morning,Alan Sillitoe,3.81,4901,122
The Virginian,Owen Wister,3.91,9179,122
Charade,John Mortimer,3.12,104,122
White Noise,Don DeLillo,3.86,115213,122
God's Bits of Wood,Ousmane Sembène,3.97,2844,122
The Rings of Saturn,W.G. Sebald,4.23,15046,122
Non-Stop,Brian W. Aldiss,3.88,6867,121
Villette,Charlotte Brontë,3.77,73183,121
Nightmare Abbey,Thomas Love Peacock,3.45,1917,120
My Ántonia,Willa Cather,3.83,137979,120
Gargantua and Pantagruel,François Rabelais,3.66,15310,119
Lorna Doone: A Romance of Exmoor,R.D. Blackmore,3.73,15822,119
Loitering with Intent,Muriel Spark,3.78,4502,118
The Glass Key,Dashiell Hammett,3.93,12731,118
The Awakening,Kate Chopin,3.68,208803,118
"Exit Music (Inspector Rebus, #17)",Ian Rankin (Goodreads Author),4.12,17085,117
Nostromo,Joseph Conrad,3.81,16941,115
Norwegian Wood,Haruki Murakami,4.01,603018,113
Moo,Jane Smiley (Goodreads Author),3.47,8304,112
"Cover Her Face (Adam Dalgliesh, #1)",P.D. James,3.91,39062,112
Hideous Kinky,Esther Freud,3.51,3780,112
"The Radetzky March (Von Trotta Family, #1)",Joseph Roth,4.1,11970,111
"The Man of Property (The Forsyte Chronicles, #1)",John Galsworthy,4.01,4623,109
The Mysterious Stranger,Mark Twain,4.13,10528,109
Lark Rise to Candleford,Flora Thompson,4.02,4537,108
Alberta and Jacob,Cora Sandel,3.97,759,108
Lady Audley's Secret,Mary Elizabeth Braddon,3.78,24612,107
The Swiss Family Robinson,Johann David Wyss,3.91,106035,106
Auto-da-Fé,Elias Canetti,4.02,6063,105
Invitation to the Waltz,Rosamond Lehmann,3.87,1386,105
The Vicar of Wakefield,Oliver Goldsmith,3.46,10164,104
"The Tin Roof Blowdown (Dave Robicheaux, #16)",James Lee Burke,4.18,14393,104
"The Three Coffins (Dr. Gideon Fell, #6)",John Dickson Carr,3.83,3429,104
The Savage Detectives,Roberto Bolaño,4.17,44124,103
Under the Volcano,Malcolm Lowry,3.77,25013,103
Rogue Male,Geoffrey Household,3.93,4692,102
"Dance Hall of the Dead (Navajo Mysteries, #2)",Tony Hillerman,4.04,16148,100
La Débâcle,Émile Zola,4.04,1636,100
The Epic of Gilgamesh,Anonymous,3.71,94634,100
"Augustus Carp, Esq. by Himself, Being the Autobiography of a Really Good Man",Henry Howarth Bashford,3.8,594,100
King Solomon's Carpet,Barbara Vine,3.73,1987,100
The Portrait of a Lady,Henry James,3.79,80575,100
The Wings of the Dove,Henry James,3.79,17058,100
Breathing Lessons,Anne Tyler (Goodreads Author),3.67,29997,100
Enigma,Robert   Harris (Goodreads Author),3.89,16093,100
A Modern Declaration of Independence: Crimes Against Humanity and a New System,Jakub Lasak (Goodreads Author),4.52,25,100
The Ascent of Rum Doodle,W.E. Bowman,3.78,3007,99
The Adventures of Gil Blas,Alain-René Le Sage,3.77,344,99
The Face of Another,Kōbō Abe,3.75,4721,99
Quarantine,Jim Crace,3.69,3945,98
"Julie, or the New Heloise",Jean-Jacques Rousseau,3.44,1600,98
No Bed for Bacon,Caryl Brahms,3.81,237,98
La condition humaine,André Malraux,3.74,5798,98
The Group,Mary McCarthy,3.68,15961,97
Illywhacker,Peter Carey,3.77,2998,97
Epileptic,David B.,3.89,13584,97
Moon Over Africa,Ida Pollock,2.71,21,97
Solomon Gursky Was Here,Mordecai Richler,3.98,3041,96
"Heavy Weather (Blandings Castle, #5)",P.G. Wodehouse,4.24,3686,96
"Scaramouche (Scaramouche, #1)",Rafael Sabatini,4.09,8724,96
Silver Stallion: A Novel of Korea,Ahn Junghyo,3.72,99,96
A Good Man in Africa,William  Boyd,3.85,5045,96
A Season in Sinji,J.L. Carr,3.74,78,96
Room Temperature,Nicholson Baker (Goodreads Author),3.69,1102,96
The Book of Laughter and Forgetting,Milan Kundera,3.96,49482,96
The Member of the Wedding,Carson McCullers,3.81,18264,95
The Time Ships,Stephen Baxter,3.95,6128,95
"Topper Takes a Trip (Topper, #2)",Thorne Smith,3.76,294,95
DEATH OF HERO,Richard Aldington,4.02,668,95
London Fields,Martin Amis,3.68,12522,95
The Harpole Report,J.L. Carr,4.01,278,95
"L.A. Confidential (L.A. Quartet, #3)",James Ellroy,4.18,34557,95
Women in Love,D.H. Lawrence,3.66,32186,95
The Victorian Chaise Longue,Marghanita Laski,3.58,1419,94
Darkness Falls from the Air,Nigel Balchin,3.85,192,94
Poetic Justice (A Kate Fansler Mystery #3),Amanda Cross,3.73,943,94
Untouchable,Mulk Raj Anand,3.73,5927,94
A Thousand Acres,Jane Smiley (Goodreads Author),3.82,68748,94
The Echoing Grove,Rosamond Lehmann,3.61,342,94
Vathek,William Beckford,3.25,6632,93
One of Ours,Willa Cather,3.94,9017,93
A Long Long Way (Dunne Family #3),Sebastian Barry,4.13,7985,93
The Sorrows of Young Werther,Johann Wolfgang von Goethe,3.69,131456,93
Mister Johnson,Joyce Cary,3.5,452,93
"The Bourne Identity (Jason Bourne, #1)",Robert Ludlum,4.05,432270,93
The Crow Road,Iain Banks,4.08,22698,93
"The Earthsea Quartet (Earthsea Cycle, #1-4)",Ursula K. Le Guin,4.29,11561,93
Death and the Penguin,Andrey Kurkov,3.8,17294,92
La Comedie Humaine: Scenes from Political Life,Honoré de Balzac,4.13,15,92
Slouching Towards Kalamazoo,Peter De Vries,3.74,525,92
Ballet Shoes,Noel Streatfeild,4.07,36488,92
Zami: A New Spelling of My Name,Audre Lorde,4.39,21251,92
Camp Concentration,Thomas M. Disch,3.73,2883,91
Greenmantle (Richard Hannay #2),John Buchan,3.74,4769,91
Bouvard and Pécuchet,Gustave Flaubert,3.83,4129,91
A Fairy Tale of New York,J.P. Donleavy,3.72,1175,91
A Legacy,Sybille Bedford,3.68,822,91
Foreign Affairs,Alison Lurie,3.75,12237,91
I Am Legend,Richard Matheson,4.06,132153,91
"Wieland, or, The Transformation (Carwin, #1)",Charles Brockden Brown,3.19,2045,90
Humboldt's Gift,Saul Bellow,3.85,9483,90
Vile Bodies,Evelyn Waugh,3.73,15848,90
Ennui,Maria Edgeworth,3.35,191,90
Extinction,Thomas Bernhard,4.31,2873,90
Samarkand,Amin Maalouf (Goodreads Author),4.24,28466,90
Rogue Moon,Algis Budrys,3.49,3023,89
The Mysteries of Udolpho,Ann Radcliffe,3.41,15596,89
"Joy in the Morning (Jeeves, #8)",P.G. Wodehouse,4.28,11989,89
Clayhanger,Arnold Bennett,4.01,499,89
Kaas,Willem Elsschot,3.58,7286,89
Two Serious Ladies,Jane Bowles,3.6,3796,89
The Coming Race,Edward Bulwer-Lytton,3.25,1564,88
The Last September,Elizabeth Bowen,3.45,3251,88
Caprice,Ronald Firbank,3.01,78,88
The Silent Duchess,Dacia Maraini,3.68,3252,88
Adam Bede,George Eliot,3.82,25368,88
The End of the World News,Anthony Burgess,3.81,766,87
Room at the Top,John Braine,3.69,2419,87
Towards the End of the Morning,Michael Frayn,3.63,1273,87
The Death of Virgil,Hermann Broch,4.15,1525,87
"So Long, See You Tomorrow",William Maxwell,3.91,12291,87
Tales of the South Pacific,James A. Michener,4.05,16003,87
Under the Net,Iris Murdoch,3.77,15073,86
Black Mischief,Evelyn Waugh,3.7,3413,86
Shirley,Charlotte Brontë,3.75,34690,86
The Polyglots,William Gerhardie,3.37,260,86
Evelina,Frances Burney,3.69,17373,86
The Egoist,George Meredith,3.66,1708,86
Malice Aforethought,Francis Iles,3.94,1781,85
The Moviegoer,Walker Percy,3.65,28767,85
The Kingdom of This World,Alejo Carpentier,3.78,6845,85
The Corrections,Jonathan Franzen,3.83,182864,85
Brewster's Millions,George Barr McCutcheon,3.63,922,85
"Tropic of Cancer (Tropic, #1)",Henry Miller,3.66,72390,85
"What a Carve Up! (The Winshaw Legacy, #1)",Jonathan Coe (Goodreads Author),4.11,11873,84
Squire Haggard's Journal,Michael Frederick Green,3.75,32,84
The Sound of My Voice,Ron Butlin (Goodreads Author),3.91,476,84
Patience & Sarah,Isabel Miller,3.9,4954,84
Beyond Black,Hilary Mantel,3.43,9030,83
"The Beast Must Die (Nigel Strangeways, #4)",Nicholas Blake,3.79,1750,83
Mr. Blandings Builds His Dream House,Eric Hodgins,3.76,807,83
L'isola di Arturo,Elsa Morante,4.01,11697,83
Count Belisarius,Robert Graves,4.02,2576,83
The Rainbow,D.H. Lawrence,3.7,20633,82
The Mark of Zorro,Johnston McCulley,3.99,6751,82
The Four Just Men,Edgar Wallace,3.54,1331,82
The Lecturer's Tale,James Hynes,3.47,941,82
The Wapshot Chronicle,John Cheever,3.76,7305,82
The Painter of Signs,R.K. Narayan,3.67,2453,82
A Lost Lady,Willa Cather,3.72,7167,81
Play It As It Lays,Joan Didion,3.92,67275,81
Mr. Norris Changes Trains,Christopher Isherwood,3.75,5009,81
Delta of Venus,Anaïs Nin,3.62,22612,81
"Blood Meridian, or, the Evening Redness in the West",Cormac McCarthy,4.16,164899,81
The Einstein Intersection,Samuel R. Delany,3.55,5814,80
Herzog,Saul Bellow,3.76,21517,80
The Madman of Bergerac,Georges Simenon,3.74,2102,80
The Book of Daniel,E.L. Doctorow,3.86,5623,80
The Mighty Walzer,Howard Jacobson,3.48,462,80
The Vagabond,Colette,3.93,3657,80
All Souls' Day,Cees Nooteboom,3.67,1087,80
Burmese Days,George Orwell,3.87,28289,79
Amongst Women,John McGahern,3.95,4505,79
Pictures from an Institution,Randall Jarrell,3.48,473,79
Manservant and Maidservant,Ivy Compton-Burnett,3.45,438,79
Manon Lescaut,Antoine François Prévost d'Exiles,3.42,13060,79
The Castle,Franz Kafka,3.94,62789,78
The Mandarins,Simone de Beauvoir,4.18,5722,78
"Clarissa, or, The History of a Young Lady",Samuel Richardson,3.38,8351,78
Melmoth the Wanderer,Charles Robert Maturin,3.73,5154,77
Strait is the Gate,André Gide,3.59,5096,77
Sentimental Education,Gustave Flaubert,3.81,22304,77
The Debt to Pleasure,John Lanchester,3.74,2986,77
Roxana,Daniel Defoe,3.42,5281,77
"Erewhon (Erewhon, #1)",Samuel Butler,3.29,4032,76
The Immoralist,André Gide,3.56,12139,76
"The Remorseful Day (Inspector Morse, #13)",Colin Dexter,4.24,5662,76
My New York Diary,Julie Doucet,3.83,2955,76
The Family Moskat,Isaac Bashevis Singer,4.22,1718,76
Vineland,Thomas Pynchon,3.73,11946,75
"Nice Work (The Campus Trilogy, #3)",David Lodge,3.85,5638,75
Kim,Rudyard Kipling,3.7,37684,75
The Millstone,Margaret Drabble,3.88,3470,75
Earthly Powers,Anthony Burgess,4.13,3210,74
"Hello Summer, Goodbye",Michael G. Coney,4.01,269,74
The League of Frightened Men (Nero Wolfe #2),Rex Stout,4.08,7140,74
Vendetta,Michael Dibdin,3.82,2446,74
"England, their England",A.G. Macdonell,3.67,530,74
A Sport and a Pastime,James Salter,3.66,10013,74
Confederates,Thomas Keneally,4.07,1152,74
"The Castle of Otranto, The Mysteries of Udolpho, Northanger Abbey","Holt, Rinehart and Winston, Inc. (Editor)",3.67,81,73
The Counterfeiters,André Gide,3.84,9413,73
Memoirs of a Gnostic Dwarf,David Madsen,3.67,603,73
"The Sportswriter (Frank Bascombe, #1)",Richard Ford,3.69,19067,73
The Reluctant Orphan,Sara Seale,2.93,43,73
The Odd Women,George Gissing,3.83,5377,72
"Black and Blue (Inspector Rebus, #8)",Ian Rankin (Goodreads Author),4.09,17453,72
"Bright Lights, Big City",Jay McInerney (Goodreads Author),3.79,33911,72
Enemies: A Love Story,Isaac Bashevis Singer,3.96,3350,72
The Good Soldier,Ford Madox Ford,3.68,26723,71
New Grub Street,George Gissing,3.77,6213,71
Puckoon,Spike Milligan,3.74,3534,71
Les caves du Vatican,André Gide,3.63,3194,71
By Grand Central Station I Sat Down and Wept,Elizabeth Smart,3.53,5993,71
The Restraint of Beasts,Magnus Mills,3.88,3432,70
The Shrimp and the Anemone,L.P. Hartley,3.77,359,70
Waterland,Graham Swift,3.9,9300,70
Blott on the Landscape,Tom Sharpe,3.92,3896,69
Mother,Maxim Gorky,3.97,17070,69
Titmuss Regained,John Mortimer,3.73,520,69
Diary of a Mad Old Man,Jun'ichirō Tanizaki,3.47,3409,69
She,H. Rider Haggard,3.57,13077,68
Lanark,Alasdair Gray,4.1,6838,68
The Sacred Book of the Werewolf,Victor Pelevin,3.82,5418,68
First Love,Ivan Turgenev,3.77,19240,68
The Blackwater Lightship,Colm Tóibín,3.9,6994,67
Red Shift,Alan Garner,3.59,1626,67
L'Institut Benjamenta,Robert Walser,3.9,5273,67
V.,Thomas Pynchon,3.96,23405,67
Penrod,Booth Tarkington,3.93,1508,67
Love on the Dole,Walter Greenwood,3.93,1199,67
Three Paradoxes,Paul Hornschemeier,3.3,791,67
The Castafiore Emerald (Tintin #21),Hergé,3.95,11080,66
"The Black Dahlia (L.A. Quartet, #1)",James Ellroy,3.77,91105,66
Just William,Richmal Crompton,4.08,5363,66
Les revenentes,Georges Perec,3.49,73,66
The Ambassadors,Henry James,3.64,12454,66
La Vie mode d'emploi,Georges Perec,4.19,9002,65
No Orchids for Miss Blandish (Blandish's Orchids and Dave Fenner #1),James Hadley Chase,3.76,2688,65
Washington Square,Henry James,3.7,23379,65
Daniel Deronda,George Eliot,3.86,25782,65
"The Graduate (The Graduate, #1)",Charles Webb,3.37,10822,65
"Ada, or Ardor: A Family Chronicle",Vladimir Nabokov,4.13,11782,64
The Way We Live Now,Anthony Trollope,4.08,13305,64
Chronicle in Stone,Ismail Kadare,4.09,3984,64
My Search for Warren Harding,Robert Plunket,3.77,720,64
Ulysses,James Joyce,3.75,128047,64
East Lynne,Mrs. Henry Wood,3.73,5128,64
"Light (Kefahuchi Tract, #1)",M. John Harrison,3.61,6098,63
"Bold as Love (Bold as Love, #1)",Gwyneth Jones,3.36,288,63
The Old Wives' Tale,Arnold Bennett,3.84,4543,63
A Girl in Winter,Philip Larkin,3.76,1457,63
A Time to Be Born,Dawn Powell,3.97,911,63
Good Behaviour,Molly Keane,3.88,3243,63
Revolutionary Road,Richard Yates,3.92,88345,63
Whisky Galore,Compton Mackenzie,3.81,1615,62
Journey Into Fear,Eric Ambler,3.92,3858,62
Zazie in the Metro,Raymond Queneau,3.67,8548,62
The Buddha of Suburbia,Hanif Kureishi,3.74,18956,62
The Influence,Ramsey Campbell,3.56,733,62
Captain Blood,Rafael Sabatini,4.18,16598,61
"Darkmans (Thames Gateway, #3)",Nicola Barker,3.65,2347,61
"Alms for Oblivion, Vol. I",Simon Raven,4.28,133,61
Atomised,Michel Houellebecq,3.8,44015,61
A Gun for Sale,Graham Greene,3.64,3707,60
The Unconsoled,Kazuo Ishiguro (Goodreads Author),3.58,15643,60
"Independence Day (Frank Bascombe, #2)",Richard Ford,3.86,16135,60
Hurrah for St. Trinian's and Other Lapses,Ronald Searle,3.6,43,60
Great Apes,Will Self,3.66,3520,59
Tono-Bungay,H.G. Wells,3.43,1368,58
The Westminster Alice,Saki,3.1,101,58
Office Politics,Wilfrid Sheed,3.31,16,58
The Assistant,Bernard Malamud,3.9,10650,58
Joseph Andrews,Henry Fielding,3.28,5802,58
How the Dead Live,Will Self,3.58,2876,57
Friday the Rabbi Slept Late,Harry Kemelman,3.87,8154,57
The Belles Lettres Papers: A Novel,Charles Simmons,3.78,54,57
The Chateau,William Maxwell,3.63,734,57
"After London: or, Wild England",Richard Jefferies,3.08,827,56
The Child in Time,Ian McEwan (Goodreads Author),3.58,13944,56
The Adventures of Ferdinand Count Fathom,Tobias Smollett,3.28,67,56
The Ordeal of Richard Feverel,George Meredith,3.52,307,56
The Book of the New Sun,Gene Wolfe,4.22,4206,56
Williwaw,Gore Vidal,3.43,458,55
"Last Seen Wearing (Inspector Morse, #2)",Colin Dexter,3.85,7688,55
Of Love and Hunger,Julian Maclaren-Ross,4.03,564,55
Roderick Random,Tobias Smollett,3.48,1230,55
Oeuvres complètes: 101 titres La Comédie humaine,Honoré de Balzac,4.33,156,55
Ruth,Elizabeth Gaskell,3.83,8125,54
Put Out More Flags,Evelyn Waugh,3.8,2382,54
The Betrothed,Alessandro Manzoni,3.85,15132,54
The Expedition of Humphry Clinker,Tobias Smollett,3.43,3431,54
Sour Sweet,Timothy Mo,3.71,841,54
The Ship,C.S. Forester,4.06,1527,54
The Butcher Boy,Patrick McCabe,3.83,9364,53
Bel-Ami,Guy de Maupassant,3.85,42110,53
White Man Falling,Mike Stocks,3.43,246,53
The Lonely Passion of Judith Hearne,Brian Moore,3.98,3227,53
The Time of Indifference,Alberto Moravia,3.75,8133,52
"Handley Cross: or, Mr.Jorrocks's Hunt",Robert Smith Surtees,3.9,20,52
The Bluest Eye,Toni Morrison,4.11,253080,52
To the Ends of the Earth: A Sea Trilogy,William Golding,4.08,375,52
"Changing Places (The Campus Trilogy, #1)",David Lodge,3.82,8243,51
A Tale of a Tub,Jonathan Swift,3.46,1952,51
Song of Solomon,Toni Morrison,4.14,113043,51
The Virgin Suicides,Jeffrey Eugenides,3.8,338611,51
When the Wind Blows,Raymond Briggs,4.26,3438,50
The Blue Room,Georges Simenon,3.86,10487,50
Personality,Andrew O'Hagan,3.45,265,50
Tropic Of Ruislip,Leslie Thomas,3.73,366,50
Who Do You Think You Are?,Alice Munro,3.91,6589,50
The Ragazzi,Pier Paolo Pasolini,3.62,4856,49
Venus on the Half-Shell,Philip José Farmer,3.76,2885,49
A House for Mr Biswas,V.S. Naipaul,3.81,21106,49
De Niro's Game,Rawi Hage,3.78,3894,49
The Memoirs of a Survivor,Doris Lessing,3.59,3341,48
"Trent's Last Case (Philip Trent, #1)",E.C. Bentley,3.76,3841,48
The Moon and the Bonfire,Cesare Pavese,3.77,15277,48
The Slaves of Solitude,Patrick Hamilton,4.08,2642,48
Oroonoko,Aphra Behn,3.01,14873,47
"The Magnificent Ambersons (The Growth Trilogy, #2)",Booth Tarkington,3.79,11536,47
GB84,David Peace,3.74,1313,47
Molesworth,Geoffrey Willans,4.28,1202,47
Teach Us to Outgrow Our Madness,Kenzaburō Ōe,3.83,2544,47
Covenant With Death,John  Harris,4.57,603,47
Sanctuary,William Faulkner,3.63,13531,46
Afternoon Men,Anthony Powell,3.45,369,46
Novel on Yellow Paper,Stevie Smith,3.59,513,46
The Wimbledon Poisoner,Nigel Williams,3.51,1017,46
In Search of Lost Time,Marcel Proust,4.35,12651,46
The Night Sessions,Ken MacLeod,3.56,1045,45
Smallbone Deceased,Michael    Gilbert,4.05,2168,45
Anglo-Saxon Attitudes,Angus Wilson,3.66,616,45
Married Man,Piers Paul Read,3.89,171,45
From Here to Eternity,James  Jones,4.08,17581,45
Being Dead,Jim Crace,3.72,5146,44
The Map of Love,Ahdaf Soueif,3.81,6898,44
Pointed Roofs,Dorothy M. Richardson,3.34,302,44
Andersonville,MacKinlay Kantor,4.1,8122,44
"The History of Rasselas, Prince of Abissinia",Samuel Johnson,3.46,6481,43
The Towers of Trebizond,Rose Macaulay,3.67,1684,43
Anthills of the Savannah,Chinua Achebe,3.85,4218,43
The Man with the Golden Arm,Nelson Algren,3.87,3045,43
"Bones and Silence (Dalziel & Pascoe, #11)",Reginald Hill,4.03,2982,43
Fortunes of Richard Mahony,Henry Handel Richardson,4.14,351,43
To Each His Own,Leonardo Sciascia,3.82,6095,42
Day,A.L. Kennedy,3.4,706,42
Under Western Eyes,Joseph Conrad,3.7,3227,41
The Home and the World,Rabindranath Tagore,3.83,5350,41
Staying On,Paul Scott,3.89,3927,41
Epitaph for a Spy,Eric Ambler,3.91,4697,41
Jimmy Corrigan: The Smartest Kid on Earth,Chris Ware,4.08,23996,40
Last Exit to Brooklyn,Hubert Selby Jr.,3.92,27288,40
The Asphalt Jungle,W.R. Burnett,3.93,2263,40
The Lonely Londoners,Sam Selvon,3.71,11309,39
The Three Sisters,May Sinclair,3.7,258,39
"All the Pretty Horses (The Border Trilogy, #1)",Cormac McCarthy,4.04,124167,39
The Naked and the Dead,Norman Mailer,3.94,25421,39
The Black Prince,Iris Murdoch,3.95,6020,38
Ascent,Jed Mercurio,3.78,571,38
Mary Barton,Elizabeth Gaskell,3.74,20022,38
Silence,Shūsaku Endō,4.09,34236,37
The Case of Comrade Tulayev,Victor Serge,4.11,1416,37
The Manchurian Candidate,Richard Condon,4.09,24406,37
Ingenious Pain,Andrew  Miller,3.71,1828,36
"Ratking (Aurelio Zen, #1)",Michael Dibdin,3.74,4960,36
Rickshaw Boy,Lao She,3.89,2342,36
"Sharpe's Eagle (Sharpe, #8)",Bernard Cornwell (Goodreads Author),4.29,15408,36
"Dead Lagoon (Aurelio Zen, #4)",Michael Dibdin,3.86,2207,36
The Man Who Loved Children,Christina Stead,3.57,4457,36
Barry Lyndon,William Makepeace Thackeray,3.63,2510,35
A Rich Full Death,Michael Dibdin,3.55,421,35
The Children of the New Forest,Frederick Marryat,3.88,5499,35
Mother London,Michael Moorcock,3.76,633,34
This Sporting Life,David Storey,3.61,523,33
The Crime of Father Amaro,Eça de Queirós,4.13,6678,33
Angel,Elizabeth Taylor,3.86,2632,33
The Cruel Sea,Nicholas Monsarrat,4.21,7683,33
The Bottle Factory Outing,Beryl Bainbridge,3.37,2296,32
The Red Room,August Strindberg,3.26,3821,32
Death in Summer,William Trevor,3.69,1119,32
"History (La Storia, #1-2)",Elsa Morante,4.28,6912,32
"The Big Nowhere (L.A. Quartet, #2)",James Ellroy,4.08,17435,31
Getaway,Jim Thompson,3.92,6784,31
Paz en la guerra,Miguel de Unamuno,3.36,94,31
The Sorrow of War,Bảo Ninh,4.07,9360,31
Thérèse Raquin,Émile Zola,3.73,32625,30
The Last Chronicle of Barset (Chronicles of Barsetshire #6),Anthony Trollope,4.18,6043,30
"Rabbit Novels: Rabbit, Run and Rabbit Redux",John Updike,3.99,1157,30
"The Neon Rain (Dave Robicheaux, #1)",James Lee Burke,3.92,26040,29
Wise Children,Angela Carter,3.91,8955,29
The King of Torts,John Grisham (Goodreads Author),3.72,86083,29
"Morvern Callar (Morvern Callar Cycle, #1)",Alan Warner,3.69,4256,29
"The Valley of Bones (A Dance to the Music of Time, #7)",Anthony Powell,4.11,888,29
"The Virgin in the Garden (The Frederica Quartet, #1)",A.S. Byatt,3.72,3442,28
Couples,John Updike,3.58,5528,28
Hangover Square,Patrick Hamilton,4.13,5163,28
The History of Mr. Polly,H.G. Wells,3.65,1916,28
"The Soldier's Art (A Dance to the Music of Time, #8)",Anthony Powell,4.2,865,28
The Poisoned Chocolates Case,Anthony Berkeley,3.77,3031,27
Z,Vassilis Vassilikos,4.03,1382,27
Black Sunday,Thomas  Harris,3.62,9016,27
Frost in May (Frost in May #1),Antonia White,3.85,2070,27
"The Military Philosophers (A Dance to the Music of Time, #9)",Anthony Powell,4.06,840,27
Tourist Season,Carl Hiaasen (Goodreads Author),3.92,22060,26
The Tree of Man,Patrick White,3.96,2015,26
The Adventures of Baron Münchausen,Rudolf Erich Raspe,3.81,7965,26
La Bête humaine,Émile Zola,4.04,11535,25
The Friends of Eddie Coyle,George V. Higgins,4.06,9446,25
"I'll Go to Bed at Noon (The Jones Trilogy, #2)",Gerard Woodward (Goodreads Author),3.73,539,25
The Devil to Pay in the Backlands,João Guimarães Rosa,4.6,5382,25
A Glastonbury Romance,John Cowper Powys,4.23,431,24
Crome Yellow,Aldous Huxley,3.42,8264,24
The Driver's Seat,Muriel Spark,3.61,9907,24
Master Georgie,Beryl Bainbridge,3.52,2299,24
The Hunters,James Salter,4.1,2275,24
Giovanni’s Room,James Baldwin,4.32,157162,23
An Ice-Cream War,William  Boyd,3.9,4049,22
Nightwood,Djuna Barnes,3.61,12871,22
Dirty Tricks,Michael Dibdin,3.63,539,21
"A Rage in Harlem (Harlem Cycle, #1)",Chester Himes,3.89,6678,21
52 Pickup,Elmore Leonard,3.95,8061,21
The Garden of the Finzi-Continis,Giorgio Bassani,3.78,12557,21
The Young Lions,Irwin Shaw,4.22,4237,21
"Death at the President's Lodging (Sir John Appleby, #1)",Michael Innes,3.56,1893,20
Love for Lydia,H.E. Bates,3.9,664,20
Castle Rackrent,Maria Edgeworth,3.17,4002,19
"The Pursuit of Love (Radlett & Montdore, #1)",Nancy Mitford,3.95,19635,19
"A Taste for Death (Adam Dalgliesh, #7)",P.D. James,4.02,15679,19
More Die of Heartbreak,Saul Bellow,3.71,1501,19
The Charterhouse of Parma,Stendhal,3.8,18189,19
Beauty and Sadness,Yasunari Kawabata,3.82,12732,18
The Death of the Heart,Elizabeth Bowen,3.65,8331,18
"The History Of Pompey The Little: Or, The Life And Adventures Of A Lap-dog",Francis Coventry,2.92,104,17
The Adventures of Peregrine Pickle,Tobias Smollett,3.41,752,17
The Heat of the Day,Elizabeth Bowen,3.4,2510,17
A Sentimental Journey,Laurence Sterne,3.32,6013,17
Bomber,Len Deighton,4.19,3032,16
"Get Shorty (Chili Palmer, #1)",Elmore Leonard,3.96,23590,16
Look at Me,Anita Brookner,3.95,2322,16
A Flag for Sunrise,Robert  Stone,3.86,1060,16
Headlong Hall,Thomas Love Peacock,3.36,163,15
Three Soldiers,John Dos Passos,3.56,1270,15
Tom Brown's Schooldays,Thomas Hughes,3.44,2802,15
Motherless Brooklyn,Jonathan Lethem,3.86,40961,15
Rubyfruit Jungle,Rita Mae Brown,3.92,42381,15
Sophie’s Choice,William Styron,4.17,91087,15
South Wind,Norman Douglas,3.64,297,14
The Unbearable Bassington,Saki,3.76,655,14
A Month in the Country,J.L. Carr,4.12,15992,14
Tobacco Road,Erskine Caldwell,3.71,15228,13
"Justine (The Alexandria Quartet, #1)",Lawrence Durrell,3.85,9137,13
Claudine at School,Colette,3.72,2437,13
"Men at Arms (Sword of Honour, #1)",Evelyn Waugh,3.91,3283,13
Millennium People,J.G. Ballard,3.37,2665,12
The Bamboo Bed,William Eastlake,3.65,43,12
A Quiet Belief in Angels,R.J. Ellory,3.84,6571,12
"Toxic Shock (V.I. Warshawski, #5)",Sara Paretsky (Goodreads Author),4.03,9917,12
The Princesse de Clèves,Madame de La Fayette,3.35,16216,12
The Insult,Rupert Thomson,3.58,1253,11
"Sybil, or the Two Nations",Benjamin Disraeli,3.3,1185,11
"Nineteen Seventy Four (Red Riding, #1)",David Peace,3.62,5740,11
The Parasites,Daphne du Maurier,3.72,2419,11
Parade's End,Ford Madox Ford,3.87,6614,10
A Heart So White,Javier Marías,4.01,14657,10
"The Hanging Garden (Inspector Rebus, #9)",Ian Rankin (Goodreads Author),4.09,13206,10
"Nineteen Seventy Seven (Red Riding, #2)",David Peace,3.85,3401,10
"The Big Blowdown (D.C. Quartet, #1)",George P. Pelecanos,4.03,2766,9
The Strange Boarders of Palace Crescent,E. Phillips Oppenheim,3.58,33,8
Hard Revolution (Derek Strange & Terry Quinn #4),George P. Pelecanos,3.97,2647,8
Lush Life,Richard Price,3.73,14360,7
Living,Henry Green,3.67,464,7
The Great Impersonation,E. Phillips Oppenheim,3.9,971,6
A Judgement in Stone,Ruth Rendell,3.9,7372,6
The Well of Loneliness,Radclyffe Hall,3.74,16926,6
The Woodlanders,Thomas Hardy,3.89,16604,6
Live Flesh,Ruth Rendell,3.75,1657,5
The Transit of Venus,Shirley Hazzard,4,4276,4
The Old Men at the Zoo,Angus Wilson,3.35,126,3
"The Case of the Gilded Fly (Gervase Fen, #1)",Edmund Crispin,3.52,3251,3
The Swimming-Pool Library,Alan Hollinghurst,3.73,10238,3
A Dark-Adapted Eye,Barbara Vine,3.93,9616,2
A Fatal Inversion,Barbara Vine,3.94,4491,1
